{"cameraMode":{"drawMode":0,"name":"Shaded","section":"Shading Mode"},"sceneLighting":true,"audioPlay":false,"sceneViewState":{"showFog":true,"showMaterialUpdate":false,"showSkybox":true,"showFlares":true,"showImageEffects":true,"showParticleSystems":true},"in2DMode":false,"pivot":{"x":-18.0799560546875,"y":1.722409725189209,"z":-10.33096981048584},"rotation":{"x":-0.11632266640663147,"y":0.2541792392730713,"z":-0.03081311658024788,"w":-0.9596418738365173},"size":3.443608283996582,"orthographic":false}