{"cameraMode":{"drawMode":0,"name":"Shaded","section":"Shading Mode"},"sceneLighting":false,"audioPlay":false,"sceneViewState":{"showFog":true,"showMaterialUpdate":true,"showSkybox":false,"showFlares":true,"showImageEffects":true,"showParticleSystems":true},"in2DMode":false,"pivot":{"x":-0.2974589169025421,"y":0.23542523384094239,"z":1.8799285888671876},"rotation":{"x":-0.06486625969409943,"y":-0.011220423504710198,"z":0.01793069951236248,"w":-0.9976697564125061},"size":3.067495584487915,"orthographic":false}