{"cameraMode":{"drawMode":0,"name":"Shaded","section":"Shading Mode"},"sceneLighting":false,"audioPlay":false,"sceneViewState":{"showFog":true,"showMaterialUpdate":true,"showSkybox":false,"showFlares":true,"showImageEffects":true,"showParticleSystems":true},"in2DMode":false,"pivot":{"x":-1.2634068727493287,"y":1.8598383665084839,"z":-3.6973814964294435},"rotation":{"x":-0.02088765986263752,"y":-0.04196604713797569,"z":0.01806047186255455,"w":-0.9987373948097229},"size":6.644484996795654,"orthographic":false}