{"cameraMode":{"drawMode":0,"name":"Shaded","section":"Shading Mode"},"sceneLighting":true,"audioPlay":false,"sceneViewState":{"showFog":true,"showMaterialUpdate":true,"showSkybox":true,"showFlares":true,"showImageEffects":true,"showParticleSystems":true},"in2DMode":false,"pivot":{"x":-11.283445358276368,"y":12.071163177490235,"z":6.044779300689697},"rotation":{"x":0.012165780179202557,"y":-0.9595587849617004,"z":0.28056272864341738,"w":-0.019583702087402345},"size":5.257884502410889,"orthographic":false}