{"cameraMode":{"drawMode":0,"name":"Shaded","section":"Shading Mode"},"sceneLighting":true,"audioPlay":false,"sceneViewState":{"showFog":true,"showMaterialUpdate":true,"showSkybox":true,"showFlares":true,"showImageEffects":true,"showParticleSystems":true},"in2DMode":false,"pivot":{"x":-17.243148803710939,"y":12.613597869873047,"z":16.530248641967775},"rotation":{"x":0.3461858630180359,"y":-0.2097199559211731,"z":0.06077078729867935,"w":0.9124033451080322},"size":45.219329833984378,"orthographic":false}